W1,W2,W3,W4,W5,W6,A,Y
0,1,1,-1.6421272009522956,-0.45330541587434314,-2.1433692021937496,0,0
0,1,0,-1.1531270119690558,0.28283339290259446,-2.892660825532795,0,0
1,0,1,0.20131626071704634,0.09165758584126486,-0.6169682201109311,0,0
0,1,1,1.398565859700187,1.4396767205151964,0.12597938729788005,0,0
0,1,1,0.7228732781145771,1.562019163751696,0.12729264683472996,1,0
0,1,1,-1.0717236113667876,-0.11490182091008144,-1.8255022635065554,1,1
0,1,0,-0.5673344421667272,0.41173407701356773,0.8410454561975278,0,1
1,0,1,-0.36634990636507936,1.0003108526181363,-0.00979829889855438,1,0
0,0,0,-1.5460347243322263,-0.3775807842791851,-1.2330923557269697,1,1
0,0,0,2.0406947377801132,1.7026818806445492,0.6609106277145453,1,1
1,0,0,-0.496020610236695,1.9939162001208128,1.0840728241717688,1,1
1,1,1,-0.6131668118319032,0.32099059955520887,-1.0064443914683516,1,1
0,1,1,-1.7449681921852862,-0.7236344991261578,-2.0214204930392707,0,0
1,0,1,0.18407413228681194,1.0384438801964329,1.2059208989488552,1,1
0,0,0,-0.07954522140454678,-0.346521575151434,-0.44366939899131136,1,1
1,0,1,1.240629619296457,-0.3534618758456578,2.6297161619392675,0,1
1,0,1,0.8625737778042016,0.265274408355645,1.1514487418837565,0,1
0,1,0,-0.12390740139756462,1.27030290215904,0.41037942098721086,1,1
1,0,0,0.585476440008347,0.01465047034380217,0.1651487379606048,1,1
0,0,0,1.9336815387754174,2.355541229174541,2.5392452392831233,0,1
1,1,0,-0.7322524941845361,-1.591787726402281,-1.0471242613511094,0,1
0,0,0,-0.39205000815885616,-1.4875828946269423,0.5731195664218176,1,1
0,1,0,0.7512151844515308,-1.0857333171728771,-2.2102404019540254,1,1
0,1,0,-0.5947453010361162,-0.43111557169019343,-1.0907068950182501,0,0
0,1,1,0.475317258695806,0.7638952762095477,2.8130117165565967,0,0
1,0,0,-1.0835930156560454,-0.8068216757792166,-0.3331080569392765,0,1
0,1,0,0.8228397668612474,0.414670117475916,-0.7340879321669354,1,1
0,0,0,0.7047717761242356,-0.8272431193160693,-0.045102954632604775,0,1
0,1,1,-0.5854342913275612,-2.8387315239683675,-0.6802059856398357,1,1
0,0,0,-1.2699409029426747,0.09041045249159105,-1.5861130093339377,1,0
0,1,1,0.32552734660505384,-0.6176564073661656,0.07524534955549686,0,0
0,0,1,0.04573687169336308,-0.17171558390145772,2.6528355023624224,1,1
1,0,1,-1.3662462572560377,0.19959827964177598,-0.48647450764447864,0,1
0,0,0,1.020269240739287,0.37990135260474794,0.5535185855475719,0,0
1,1,1,-0.731062569588089,-0.5806281220548412,-0.8829655813214095,1,1
0,1,0,1.4967119558964186,-0.7898748930832099,-0.11696878837890945,1,1
1,1,1,1.343316499274114,-0.6446598902008154,-0.08442574324470736,1,1
1,0,0,0.25663714688340916,-0.606821589663987,-0.27097331387320245,1,1
0,1,0,0.7346150345718113,0.3162000453440731,1.1643594511529862,0,1
1,0,1,-1.4332650999768792,-0.35617085418974614,-1.228285959910099,0,0
1,0,1,0.017831225630082378,-0.5857569978541174,-0.479158885809017,0,1
1,0,1,0.568641805437405,-2.050408487992573,-0.7024918694077642,1,1
1,1,1,-1.2639749889746896,-1.6669302931497478,-2.4099953833932837,0,1
0,1,0,-1.4590293531182534,0.7172459259879066,-1.61214083794003,1,1
1,0,0,1.5906598855181908,-0.6378479475577719,-0.02999833636358329,1,1
0,1,1,0.4026280723918795,0.06583347472388941,0.9254720960779781,0,0
0,1,1,1.4249133372809903,0.7635141100202681,1.570481824416272,1,1
1,0,0,1.00198120197819,-1.7468316724334623,-1.9105190149233189,0,1
1,1,0,-2.8192684906359404,-0.2305983859114193,-0.39193840041082306,0,1
1,0,0,-1.1228612410453702,-2.325703649275872,-0.3303178428559177,1,1
1,0,1,-0.15232093230759164,-0.08573481450085073,-0.11153042596042229,0,1
0,1,1,0.05565354708309155,0.5929546684579483,0.7548301103363588,1,1
0,0,1,0.137874942919374,2.0532613836339255,3.114174778994369,1,0
1,1,1,-0.6750630208644234,-0.3246328874442255,0.010205637391689781,0,0
0,1,0,-0.08856219986121784,-1.2113507751141268,-1.898201657106763,1,1
0,1,1,-1.015108689505118,0.32378024503383257,0.6477579353763397,1,1
0,0,1,1.2861382529542338,-0.04263560826975404,0.3446360251723053,1,1
0,1,0,-0.9708001505006844,1.362597550450378,0.42343040635974016,0,1
1,1,1,-0.5777680072662703,-0.10239452187152923,0.28489030938423177,0,0
1,0,1,0.891728489748308,0.4985224615117025,-0.07762905452181768,1,0
1,0,1,-0.5625891584207707,-2.340306821689795,-2.296769406894559,0,0
1,0,0,0.17654420757969203,-0.3035958757230168,1.1419718137529842,1,1
1,1,1,-0.9055265601175291,1.1232146945886594,-0.9308801242084151,1,1
0,0,0,-0.0368937207429153,0.41064790469481754,0.533174283956738,0,0
0,1,1,0.4094552652345265,0.30693886265525855,0.46124518489584526,1,0
1,0,0,-1.529801767402114,0.022123640158344407,-1.406003008141068,0,0
0,0,0,-1.6785624527441492,1.5879085979712195,1.0208094761611775,0,0
0,1,0,-1.167330018546317,-0.17241021969164258,1.5494926186445375,1,1
1,1,1,0.8260155634540104,0.7800520458865695,0.2585851020860459,0,1
0,0,0,0.5470731992272474,-0.6341279712221284,-1.2042816736463473,0,0
1,0,1,0.8330185890439177,1.2140944995370127,3.54996254487961,0,1
0,1,1,1.4913897159044267,0.5375862589335864,1.7661452051377873,0,1
0,1,0,-0.40168818904853354,-0.2176834968255092,-1.240691362118885,1,1
0,1,0,-0.7274709324788167,1.745268437400901,0.5838804414589345,1,1
1,1,1,-0.11751055148168439,0.9664989914895061,0.6398285424538734,0,1
1,0,1,0.2418469808969995,0.2828264214171398,0.0687692223393718,1,1
0,0,0,1.0988868916768586,0.6330227800426161,0.15709035591760467,1,1
0,0,0,0.13304985355814108,0.07905399654897625,-0.25899191790582154,1,1
1,1,1,0.5696497277120844,-0.6884857041435142,0.14664210219818705,1,1
0,0,0,-0.5929545920976907,0.19123781813958907,-0.4289222244501888,0,0
1,1,1,-1.592815494379679,1.4459820199197795,-1.1004333714521,1,0
0,1,0,1.882159772756061,-0.8616304640077315,0.9376163299700633,1,1
1,0,0,0.16079957367862624,-0.4060379472909124,0.71418719049964,0,0
0,0,1,-0.3587342124881809,0.6403738112217879,-0.6208274053207086,0,0
0,0,0,0.1410189732831648,-1.2221325661500557,1.8713122198336203,0,0
0,1,0,2.2665713285740927,-0.5730130692172171,0.9340024657098871,0,1
0,0,0,-0.45866783653659293,-0.17070160586059746,1.5376846716927746,0,0
1,1,1,-0.43662875353328057,0.9327538583534857,-0.9412333960484451,0,0
1,0,1,-0.7258412092266159,-0.6780298615922257,-0.1689790598946963,0,1
0,1,0,-0.39234698187240585,-1.087385734009858,-0.04166987300392866,1,1
0,0,1,-1.9833695176662123,-0.33460007180623086,-0.5041873963321101,0,1
0,0,1,1.2872281912066268,1.155352872515722,1.9473293361160744,1,1
1,1,0,0.025894711406744646,-0.738860189415856,-2.028729996838616,1,1
1,1,1,-0.877869053130735,-1.041597473983371,-3.060858503977633,1,1
0,1,0,1.1194262610445438,0.14313852926351062,1.2989742738951477,1,1
0,0,0,-0.3682070417595849,-0.0927475054364058,0.16266451419283307,1,1
1,0,1,1.4786522766562715,0.6397450303410187,1.023466541097624,0,0
1,1,0,-0.18041991728015525,-0.04363097052831611,-1.5223644022888767,1,1
0,0,0,-0.0425684076706929,0.25189659347505117,-0.4130315635470333,1,1
1,1,1,0.310292864855672,1.0307962348398036,-0.11730713744983412,0,0
1,1,0,0.5893946648926686,-1.074739373115433,-1.0896077269642765,0,1
0,1,1,-0.6239403946435107,1.1422121239119387,1.5073933943621562,1,1
1,1,0,-0.6033007309242769,-0.9950906605390005,-1.263451941788591,1,1
1,0,0,0.21321587628988667,-0.01908070844478241,-0.7142129376383769,0,1
1,1,1,-1.9039259847350085,2.5180114796517805,-1.1187081162139632,1,0
1,0,0,-2.864217329210248,1.0253669127691074,-1.2228675193422964,0,0
0,0,0,-0.07237347671642609,-0.8108830679416098,0.6580147712120974,1,1
1,0,1,0.15029507075907778,-0.12977519997662815,0.39982080347228355,1,1
1,0,1,1.1582457208672803,-0.330382716518391,-0.5773724212728221,1,1
0,1,1,-0.10646707939899601,0.6697604139528359,-0.7820557492038713,0,0
0,1,0,1.1412771630999725,1.262240685647125,2.0053461019076617,0,1
1,0,0,1.3947663904827257,0.12049933105633584,0.6805697636015294,0,0
0,0,0,0.12215280574368001,-2.7223530087537102,-0.8754028984103136,0,1
1,0,0,-0.6141728768583077,0.24212624876655967,-0.6729245167925106,1,0
1,0,0,-0.9466734142319904,0.7290550337504446,-0.45757764007742174,0,0
1,1,1,-0.17885573780549716,-0.5835254728000714,-1.482461414523771,0,0
1,1,1,-1.4160295276551897,0.5316030960025303,0.3755928969939511,1,0
0,0,1,0.2362244364915694,-0.7264972051565787,-2.4244566053526477,1,0
1,1,1,0.8046552950871584,0.6282231225286059,2.4206378154367156,1,1
0,1,1,-0.5975948002900147,-3.3201198286394886,-1.3727479708214436,0,1
1,1,1,0.9819263226872069,-1.8041786672957494,-1.2254476947175281,1,1
1,1,1,-0.8605127577915862,-1.231279020926285,-1.788958688350014,0,1
0,1,1,0.06305943749427954,-0.4111093379585955,0.5440041755555052,0,0
0,0,0,0.22550144960134552,-0.10708879337222815,1.5747652924836189,0,0
0,1,1,-1.9440809498985407,0.2554337366582909,-1.1684881263496267,0,0
0,0,1,-0.2703921002059724,0.4297154552450398,-0.009539623663679164,0,0
0,1,0,0.9278093552958007,-1.4528313838006368,1.0346320123864543,0,0
1,0,0,1.169731618159043,-1.5101025751090946,0.16483107010031195,0,1
0,0,0,1.276049925749743,-0.22136294807762277,0.3351214974892257,0,1
0,1,1,-0.7075112004182842,-0.3589552074356024,-0.4309454375170196,0,0
0,0,0,0.15239761757348574,0.12292006653635211,0.9605251697360454,1,0
0,0,1,-1.5837542731733363,-1.6594705603179665,-1.398669151646856,1,1
0,0,0,0.7118095044948154,-0.8473902555023575,-0.4995601107369513,0,1
0,0,0,0.018587498064811598,-1.3000259594766845,-0.8251322920853683,1,0
0,0,0,0.8975791234216388,0.6750110662237789,1.0722512485286377,0,0
1,0,0,-1.3051782005924153,-0.009291914085072931,-0.6846702585141494,0,0
1,1,0,1.3487037461670885,0.287931636688537,-0.2785539020313692,1,1
1,1,0,0.06662120511894519,0.4039410481375311,-0.024761536133802747,1,1
0,1,1,-1.341871124417722,1.4492826684585656,0.7728813679708978,1,1
0,1,1,0.765784722510587,-1.384142846775464,-1.7787891028922975,0,1
1,0,0,2.182817943874972,-1.636438528581356,1.0584972891672022,1,1
0,0,0,0.2895692508068227,0.05571430133341953,0.6024611175434822,0,0
1,1,0,0.27368303579202174,-0.06893962561116239,0.9028940324979872,1,1
0,0,1,-1.6015699286702656,-0.39114786755481173,-1.1831570358502352,1,1
1,1,1,-0.21202032638637713,-2.0304846936650414,0.5071052435975674,1,1
1,1,1,0.9964341046879848,-0.9138455276643938,0.06196497071242654,0,1
1,0,1,0.2733072020966828,0.8650728237022062,0.9510869754214468,0,0
0,1,0,-0.15500050256020811,-1.124385294416218,-0.07500117248323712,0,0
0,1,1,-0.7087546199919933,1.2793638749356855,-1.5544694471262661,1,1
1,0,1,1.9293009859957675,0.16254058274181055,0.5576224061010178,1,1
0,1,0,-0.5481323649187915,1.9518796293110932,1.4052489485331345,1,1
0,0,0,-1.6649385265720789,-0.34485391914428704,-0.5365629203558766,1,0
0,1,0,0.22849881403002087,0.5834832682641425,0.004611334808016732,0,1
1,0,1,-0.31418611051848944,-0.445780792108006,-1.1352323501916555,1,0
0,0,0,-0.4063282458811452,-1.8472456776658952,0.06697241597332404,1,0
0,1,1,-0.793675273935462,0.5739334398502948,0.47562098280303305,0,1
0,0,0,-0.8717060759317391,-0.3010160566243998,0.09401534314697568,0,1
0,0,0,-1.1436052073674865,-0.8120294261025209,-1.6002064043063153,0,0
1,0,1,1.0270191040677874,0.2994974784437932,2.3293673879477863,1,1
0,1,1,-1.0116817715042548,1.4948428431428147,1.1121885138030723,0,0
1,0,1,-0.9176593513931287,-0.12764438201398695,-0.2466337850431572,1,1
0,0,1,0.19957271245575897,0.2164481227270975,1.6191326770761707,1,0
1,0,0,0.6956902623279685,0.2426259472574973,1.3104725372662585,1,1
0,1,1,0.3431808970573107,-0.04774710289938662,1.1433750994537784,0,1
1,0,0,-0.3106419404444234,3.089762247725097,1.596328941791373,0,0
1,1,0,-0.6717098954487838,-1.0692839603319044,-0.5718929843551984,1,1
0,0,1,0.06791137013179849,2.009924914459272,0.5334824163037869,1,0
0,1,0,-0.48929317326523325,-0.009313853896798412,0.48399478620574016,0,0
0,0,0,-0.2464316089047989,-0.04619751794741238,0.2174896746229513,0,0
0,1,0,0.9169269560869047,-1.3821506233952305,-0.4211184049492601,0,0
1,0,1,-0.07821924273496886,-0.1094013796505269,-1.398618877436569,1,1
1,0,1,0.8431923207779911,1.2134933614025214,-0.1868376027509373,1,1
0,1,0,-0.595541109162994,0.7023945923735191,-1.089480291700997,0,1
0,0,0,-0.3268666178075603,0.2865997953072204,0.16374908598723042,1,1
0,0,1,0.011644099315069894,-0.4091430318585418,-0.2857128312273285,1,1
1,1,0,0.3374574422006986,-0.49228149596614196,-1.2495510615606193,0,0
1,0,1,-1.1354775946071094,0.0621512285196859,-1.4917301311315796,0,0
1,1,1,-0.9868106497534981,0.34314924358158727,-0.28951171643023044,0,1
1,0,1,1.8188903906609215,0.47163652295850483,0.423810013260006,1,1
1,1,1,0.2776955382068908,0.9733267357540035,1.2084048425887182,0,0
0,0,0,-0.5440839327613041,-1.0210278315162775,-0.10235285162850916,1,1
0,0,1,-1.6411177954260563,-0.9774466023924864,-1.7035044608542882,1,0
1,1,1,-0.6036441806884103,0.44569920840963023,0.15227132596288523,0,1
1,0,0,1.015725722796625,-0.5382500459850003,0.5026827477255862,0,0
0,0,1,1.332233515205801,0.6304748968136623,0.08034548445508394,1,0
1,0,0,-1.1779917262100872,-0.3279492759682134,0.38393159518258546,1,1
0,0,0,0.02603512741749091,-0.6662975360515506,-0.5644022937422538,0,0
1,1,0,0.6426235427412148,0.9239108043210656,1.8918154114330135,1,1
0,1,1,0.7157758316980909,-1.0202603343244567,-0.28566755696319457,0,1
0,0,0,0.18083704524328612,1.2418997963380214,2.2214523559065267,1,1
1,0,1,0.012296620201436783,-1.9801731126777464,-0.03214896035478343,0,0
0,1,1,0.4133453450642514,0.05611828723392352,1.161711443024848,1,1
1,1,0,-0.5542335040312045,0.882599887272966,1.8265330085619698,1,1
0,1,0,0.3232381803313817,-0.23987387145246913,1.7724470426790617,0,1
0,0,0,0.7363483999746305,1.4407920084281147,1.2011539569557956,0,1
0,0,0,-0.3391425525985818,0.2453288169382852,0.41515223657587286,0,0
1,0,0,1.3156925175967924,-0.3219902633159219,-1.6464187202783143,1,1
1,1,0,0.9798327808734504,-0.42368454798741284,-1.5818265603058683,1,1
1,0,0,-0.521494723473029,0.9207457811590511,0.12241479548739777,1,1
1,0,1,-0.4923264190130846,1.0971629327983106,2.2522238394891687,1,0
1,1,1,0.22502069344504785,-1.3943888782406,-0.19393509071248327,0,1
1,0,1,0.39472668341577805,-0.3626483786082117,0.3181767836537528,0,0
0,1,1,0.4673983991521469,-1.47976938027291,-0.2954377579375743,1,1
0,0,1,0.2082135290463337,-0.13316873226464204,-0.6925807587507451,1,1
0,0,1,-0.14314220192749053,-0.3272160921914915,-0.8956393349660101,0,1
1,0,1,2.249754622760982,0.9645106071866961,0.027147545451037258,0,1
1,1,0,1.9220290082220224,0.6299439252738901,1.7726245843381316,1,1
1,1,1,0.5179388610943664,-1.4577273145084555,-0.6541362627581317,1,1
1,0,1,0.5544635588972743,-0.9494391655018721,1.5108226431420027,1,0
1,1,1,0.6857692546624696,-0.9101618121821007,0.8449773127053428,1,1
1,1,1,1.1512837211687341,-0.8101769831516209,-0.6915147747189871,1,1
1,0,0,0.41751812532202354,-1.4905276817725988,-0.2463920861030935,1,1
0,1,0,1.2217686068985851,-0.8877994174708099,0.4304551524315535,0,1
0,1,0,-1.8330629537447996,-0.007514144139913386,-2.407652557732349,0,0
0,1,1,-0.6709879812381991,0.7047928498593512,-0.18807826310008993,1,1
1,0,0,-0.6617690111232074,-0.8717425434239646,-1.292356637113092,0,0
1,1,1,-1.5877601985114127,0.518072213253068,-0.3083798261396453,1,1
0,1,1,-0.4020231019272754,1.8318216354743506,1.2395512973871123,1,1
1,0,0,-0.5942426700007686,-1.2573426891039434,-1.8205169089829898,1,1
1,0,1,-0.916536165575519,-0.837754654226882,0.37311002614917077,1,1
1,0,0,-1.0630883829838877,-1.1099590951020004,-1.3548211912218104,0,0
0,1,1,0.5320875268382116,0.2293536095997402,-0.25975294413511923,0,0
1,0,1,-0.8781220547167073,1.4337244309833033,-0.24260208340140493,0,0
1,0,1,0.5129400923526158,-0.9267297039534153,0.6392780054370117,1,0
0,1,0,-0.8614497816291014,0.4246708125858776,0.40606416391891753,0,1
0,1,1,0.11828977391570676,0.060327311183051645,0.19525910278147696,1,1
0,0,0,-1.3727164011672237,-0.32347381590710494,-0.049519785505549585,1,1
0,0,0,-1.786611326576758,-1.0454781805660345,0.08697372271360604,1,1
1,0,0,0.3976915007371127,0.2553469785671729,0.18519144305849672,1,1
1,0,0,-0.07825159458963345,-0.4845543751026021,1.1888704573046687,1,0
1,1,1,2.249686847919833,-0.8239304578056806,0.9687705338053666,1,1
1,0,0,0.6189179310940575,-1.020035922675928,0.8051352417605,0,1
0,0,0,0.46355970985093675,-0.37141147610681885,-0.5050832470656562,1,1
0,1,1,0.3098540430295977,-0.2856756696789147,0.6897693924190751,0,0
1,1,1,-0.4275948142709191,0.4231360014677492,-0.09730614370257772,0,0
0,1,1,0.6498818161761086,-0.5155588620451216,-0.830109545434667,1,0
1,1,1,-0.3572822056429485,0.42435387141619024,0.7004129936811206,0,0
1,1,0,0.5797223054639624,-0.9438433203095219,-0.9589321665554054,1,1
0,0,0,-0.546462295840062,0.8760283888886762,0.007952293215739398,1,1
1,1,0,1.2700647523182587,1.0463215900644545,1.027760623635385,1,1
0,1,1,0.13339514421301668,0.6406090594198881,0.9849886348400763,0,1
0,0,0,-0.16988494499411197,-1.9715301116416295,-1.2433576281012577,0,0
1,1,1,0.5104676091802776,2.5101870946799227,1.4050524548905976,1,1
0,1,1,-0.42850879068810516,-1.334136762471745,-1.1327433153036726,0,0
0,0,1,-1.7391041535080503,-0.9904543116725201,-2.137335361866909,1,0
1,1,0,-0.15774103396497574,0.2047845367340717,0.8439832460808332,1,1
1,1,1,0.9267032823255499,-1.323971952594442,0.042307723845685125,0,1
0,1,1,-0.7110680659727037,0.16415392207209448,0.6090263779539582,1,0
1,1,1,0.8778912282698064,0.8661163751543892,0.38068585447313746,0,1
1,1,1,0.8439050308133292,-0.40091613178735214,-1.3331020305713368,0,1
0,1,1,0.577179938155434,-1.60437600845185,-0.4469999165681243,0,0
1,0,1,-1.706390141347105,-0.8270298623990181,-1.1436761143160608,1,1
0,1,1,2.750532363534241,0.3808702635171206,1.1049739342212457,1,1
0,0,0,1.461142002220364,-1.2027406460021925,-1.8138377123109846,0,0
1,1,1,0.14571132874714418,-0.18188152137420277,1.146753288648112,0,0
0,0,1,-0.777855176085776,-1.5922948057232091,-2.372876693320608,1,0
0,1,1,-1.0283945835288546,-0.6001682215997974,-0.5483732888669605,1,1
0,0,0,-1.582107268071278,1.6981495871144918,-0.5667681848796037,1,1
0,1,0,-0.3290741889996625,-0.841325451326912,0.6815482438072542,0,1
0,1,0,1.1084780341739808,-0.07369284790485783,0.3138668346101853,1,1
1,0,0,-1.2644524491668008,-0.8509140680610758,-2.3499733510582934,1,1
0,0,0,-0.18260099006067917,-0.9491319477760799,0.5973844752346175,1,1
1,1,0,0.7627593155346672,1.0865748541068483,-0.20152178808826993,0,0
0,1,1,1.009725631612729,-0.5795332647237011,-0.34056334865587806,0,0
0,0,0,0.30981287406100744,0.5358458397106802,0.6073382939422487,0,1
1,1,1,-0.7453749745780412,-1.2239975382561536,-0.6862713029752204,0,1
1,0,1,1.9343258316196201,-1.0352325609565658,0.1570404493874522,0,0
1,0,0,0.5951890307437392,0.04818418765042588,1.639081474908762,1,1
1,1,0,0.5760552817715023,-0.02720497175689311,-0.7932004049366346,1,1
0,1,1,0.9841506475086119,0.5650293732450371,0.2998013045417641,0,0
0,0,1,-0.6896441559540504,0.3413206845077876,-0.40610965191226317,0,0
1,0,0,-1.1072548492461662,-1.4227963747587307,-2.7872053498948084,1,1
0,0,1,-1.0509602078919014,0.5198090521641118,-0.9802376534766963,0,0
1,1,1,1.5184968146298465,0.40492727253794003,-0.012440424921268067,0,0
1,1,1,0.4625718776232037,0.10039912248791466,-0.11951333760520788,1,1
1,0,1,-1.3474929696528086,-0.22292619583716064,-0.6481235420130156,1,0
0,1,0,-1.1600210422889314,0.31092547305534496,-0.5210995247398382,1,1
1,1,1,0.045991714828262704,0.4655876786251811,0.5165180578646422,1,1
1,0,0,-1.2826995330437319,-0.14776147226022746,0.30635393311789727,1,1
1,1,0,-0.18027916042554815,0.14113499727009732,-0.19926546756205915,1,1
1,0,1,0.2387743941462179,-0.3531499301161734,-1.2527445756004993,0,1
1,0,1,0.2493724347061449,0.018609946480958393,1.5624520977557221,0,0
1,1,0,1.0522409359787785,-0.5760807723498758,0.7637792013010073,1,1
1,1,1,1.710695386825999,0.21826834784955312,0.3639711975676482,0,1
1,1,1,0.09628915069135123,1.488845967753996,-0.5795201265479025,1,1
1,1,0,0.23641948574601504,-0.7053471820565912,0.10819647490145717,0,0
0,0,0,1.617709936851757,-2.7484468287318924,-0.4827945023389857,1,1
1,1,0,0.3944954895098912,-1.5086324792458818,-2.779026709185059,1,1
0,0,1,0.2486103841172744,1.1382602626891154,0.6798551891815882,0,0
0,0,0,0.8942290077230766,-0.9827380847179863,-0.36731245217352076,0,1
1,0,1,0.19984644923062814,1.2143747192385967,0.8318489788803097,1,1
1,1,1,-0.07368262760498545,1.0776106108325587,-1.3221465435717321,1,1
1,0,0,1.1030192357102282,0.6209909638397274,0.2936711386123173,1,1
0,1,0,-0.41130148252708487,-1.2694190137297834,0.33931410412475393,1,1
0,0,1,-0.18238766433347314,-1.343782879571589,-3.57605663472915,0,0
0,0,0,0.24992816914997903,-1.193881408422902,-1.4749233344070434,0,0
0,1,0,0.9901922234769284,-0.9045901929719637,-0.7192312523518256,1,1
0,0,0,-1.496468696273283,-0.18396617144100647,-0.5856379770319939,1,1
0,0,0,1.3747560995736068,0.8775415214391354,0.015656918573790035,0,0
1,0,0,0.9344915671402633,0.5990627606956055,0.449235917894315,0,1
0,1,0,-1.027414950208554,1.0144366340550077,0.7954636783883489,0,1
0,1,0,0.9236627033967553,-1.3846960364502903,-0.6570186834330773,1,1
0,1,0,-0.5540485322594345,1.1117739196806016,-0.5034543377096108,1,1
0,0,1,1.2370310135923017,0.029134043016459256,0.19088662680280338,0,0
1,1,1,-0.008745695818142727,-0.2210065473299655,-0.08644895168614022,1,1
0,0,1,0.41644121627777436,-0.7228235358491456,-1.2068370809939977,0,1
1,0,1,-1.2936946949792085,-0.7680257129469594,0.30147507672372464,1,0
0,0,0,-0.032965329651509945,1.1235644449838385,-2.179436082573929,1,0
0,1,1,-0.3641832500324822,0.13362474252721565,-0.3552457409973112,0,0
1,1,1,0.6997120169547391,0.253727397795096,2.264653331797505,0,1
1,1,1,-0.5575391815296707,-1.0410505403176784,-0.7687149886378938,1,1
0,0,0,0.5101668388363907,0.8611731243356887,0.6941027523730933,1,1
1,1,1,2.430563792410366,0.04123515644770428,1.7115135706250322,1,1
1,1,0,-0.029279432366781773,-2.2727461953609986,-0.8701555333597656,0,1
1,1,0,1.1071475428704562,-0.319025548336194,0.2913972415339776,0,1
0,0,0,-0.4115649484637185,-0.3724306563534295,-0.5028406675005519,0,0
0,0,1,0.8669965030693274,-0.6213557286928589,-0.1917322915255551,0,0
1,1,1,-1.13516103900777,-0.6773668297964054,-2.444759265658436,1,1
1,1,1,1.3209911374726027,-0.7088419204316688,-1.087517664477993,0,1
1,1,1,-0.43830276523598005,-0.0971422680187477,-0.9880407825705182,1,1
0,1,0,-0.7757698714369299,-1.5032888834078006,-1.895460864252546,0,1
0,1,0,-0.7248837079003281,-0.21061352102608938,-0.6203449776922921,1,1
1,0,1,-0.5734948985757881,0.31835955798524834,-0.6962579933861837,1,1
1,0,1,0.630331729139841,0.9163160848602341,-0.23273220363691083,0,0
0,0,1,0.24601363800680343,-0.7105167894975979,0.6281322833812188,1,0
0,1,0,0.9687186665904887,-0.48786841597261466,0.36576091875103645,1,1
0,0,0,0.6372434318338969,0.31813690788543814,0.03860976775826014,0,0
0,0,0,-0.5297085346339093,1.5094708607111955,-0.048857389456283096,1,1
0,0,1,-0.2672849959338595,0.44569395579956544,1.743217648607056,0,0
0,0,0,1.1441040922786885,1.3601079302738242,1.836510288892884,0,0
0,0,0,1.6275675330986064,-1.3746621953670597,-1.509723347039647,0,1
0,1,0,1.2288806103787921,-1.1505067612093915,0.5263515748315515,0,1
0,1,0,1.01392756363734,1.107416402579833,2.539390682908098,0,1
0,0,0,-0.8570508114681482,-1.9293907002012967,-1.3028069293172397,1,1
0,0,0,-2.037370096302168,0.4795099624424328,-0.15158988580410826,1,0
1,1,0,1.2920138149635305,1.5918586496597882,1.9682038157417974,0,1
0,1,0,-0.050757373061011905,-0.20707132051590493,-0.45488016199724685,1,1
0,1,1,-0.9044650381930521,-0.21923150193062413,0.43383888738119747,0,0
0,1,0,-0.06304188383399101,0.3485358568407611,1.0642028195096938,1,0
0,0,0,0.7664422436195962,-0.2100750333312384,-0.7167081845678869,1,1
0,0,0,-0.198893541911912,-0.9217042130196151,1.8541692707202566,1,1
0,1,1,-0.8592605143676187,-0.5024596521329876,-0.5698216633360792,0,0
0,1,1,-0.21528848909523834,0.5883188158780542,0.03705763035260912,0,1
0,1,0,0.8804182615280306,0.7245240593294839,3.4436861158813556,0,0
1,1,0,0.822847636086612,0.4015354434989208,1.6275189968135844,1,1
1,1,1,-2.2292814850066076,-1.25785205694455,-2.170836749150464,0,1
0,0,0,0.7317303117852119,0.517306042064159,1.1351594367258353,0,1
1,1,0,0.04470948908539492,0.4332381479259305,1.300257202823648,0,0
0,1,0,1.1429657326284985,-0.5391277563433616,0.34326925401419617,0,1
1,1,0,-2.1559372436506816,-0.18818420867380478,-1.4768837432233173,0,1
1,0,0,-0.14109317496396975,-1.0696441227721154,0.2600585795975522,0,0
0,0,0,-0.5649212884338387,1.0650747994082421,-0.3307167300762172,0,0
1,0,1,-0.26044925911843975,0.6203767110128632,-0.058386486125013515,0,0
1,0,1,-1.0931472420974782,-0.6175304241221036,-1.1908500772642925,0,0
1,0,1,-0.42102294293275605,-0.0955709538009116,0.15093943520720055,1,1
1,0,0,-1.0418455786198926,-1.612705120729742,-1.108081575782263,0,0
0,1,0,0.5570369353421653,-0.5003090866935276,-0.29689443373598884,1,1
0,0,1,3.0898500040049477,1.8129254855810426,0.5349574647690547,0,0
1,1,1,0.09813114995750022,0.3874181146361167,0.5810507001467153,1,1
0,1,0,-0.4127902229743135,1.0648041260403485,-0.6332594529194477,0,1
0,1,1,3.5769683092324835,0.5118457639238629,5.095265219810974,1,1
1,0,0,0.018600742619314745,-1.0964860586454155,-1.2662042630315065,1,1
1,1,1,-0.23962861948079336,1.2534887651057771,0.49285668111722764,1,0
0,0,0,0.9760894339125433,0.3003280209796886,-0.5443264611894671,1,1
0,1,1,-0.9532690405152393,1.1003929474213743,-2.1007084244153034,0,0
1,1,1,-0.14955854722658274,1.1885624241856072,0.3287039716935792,1,0
0,1,1,-1.4332875808282641,-0.3105483712180747,-1.9777031697428642,0,0
1,0,0,0.6014344104682569,-2.3165969403308946,-0.10798220866373986,1,1
0,1,1,-0.7523155438411441,0.8928293700448335,1.5710657514807673,1,1
1,0,0,-0.7551028356321576,1.3625689656151159,-0.4989796154386227,0,0
1,0,1,-0.6216759985433504,1.113375626843801,-0.8144052851092921,0,0
0,1,1,1.0100207277511903,0.8379150693227472,2.146795117124104,1,1
1,0,0,-0.4327161093287717,-1.0811738080272055,-0.3167603289428628,1,1
1,0,0,-0.19747847304055463,-1.5879317635636399,0.9510049559833355,0,0
0,0,1,0.6344091101365193,0.13600981336473103,0.8684623658475679,1,1
0,0,0,1.4252463392966008,0.5123695951211954,2.669719702939873,0,1
0,1,0,-2.3988221653716177,-0.26787990934590494,-2.7949702832323275,1,1
0,0,1,0.9127873337838928,0.2130977509593443,1.3588286081361094,1,1
1,0,1,1.0492491954538656,0.5295815931016365,-0.07748489478896936,1,1
1,1,1,1.1179423468678347,-1.0478986731275663,-0.756961505354768,0,0
0,0,0,0.6010093192573934,0.04611843038899758,1.1597380220481512,0,0
0,1,1,-0.8196800660743756,-0.8504387958073346,-0.7693125986644407,1,1
0,1,0,0.453550279438563,-0.38608076861484547,0.8558746178255344,0,1
1,0,0,0.23744181343293322,-0.6212000822673763,0.5768319880642201,0,1
0,1,1,0.26596161989711437,-0.7063904884082765,1.4885259539753477,1,1
0,0,0,-0.20762616256188363,1.5739459566926604,-0.1452542272817826,0,1
1,0,0,-0.2777432190996368,-2.029718250901279,-0.5820831700900703,0,0
0,1,1,-2.260228710125803,-0.8352596878585891,-3.816105695072755,1,1
0,0,0,0.3277542213861825,-0.3943026356780337,1.048542494121016,0,0
1,1,0,0.9152287635247981,-2.8633839194299675,0.0853235658630056,1,1
0,1,1,1.209409503398346,-0.2057279107595797,1.0737690898713954,0,1
1,0,1,1.7170339059271014,-0.17961921500679306,0.5010444427618195,1,1
1,0,1,1.3393396787141976,-0.4391603134177123,0.5845695633235194,0,0
0,1,1,-0.2493416720300847,-0.039056938290314744,-0.10890089237085887,0,0
0,0,0,0.7856407765151169,-1.6508676211199926,-1.4032411704729768,0,1
0,1,0,-0.3757793012213271,-0.2536057403162011,-0.26618352261736083,1,1
1,0,0,1.33551673294589,-2.9798256964435472,0.24236282193326364,0,1
0,1,1,-0.2839608014713646,-0.14041080633538386,0.26270389377201275,0,1
0,0,1,1.7048806634221652,-1.1009196023603562,0.10069579060323108,1,1
0,0,0,-1.1179735147491807,-0.273494696094977,-0.2935177612949299,0,0
0,0,0,0.4807524231713711,1.205181634324083,2.453576190671752,0,1
1,0,0,0.39431662400282175,-0.6458452125851413,-1.071386291008963,1,1
1,1,0,-0.49249435900522115,1.8830004541263055,1.4794735251871132,0,1
0,1,1,-0.5442299529494558,1.108245523329114,-0.3992779946845912,0,0
0,1,0,-0.5479768947829576,-1.213916506765753,-0.4764608027995017,1,1
1,1,1,1.3195313651348608,1.6031541196060548,0.10011194773618448,0,1
1,0,1,-0.38849314955686465,-0.2576828114362957,1.064372048175072,0,0
1,1,1,-0.9939738205573135,-0.9131575170128978,0.7790338898470368,1,1
1,0,0,-0.9428048163867511,0.3973865637001297,-0.8561343711619864,0,0
1,0,1,0.9476835705838281,0.46036838918094153,-0.023939715848073084,1,1
0,0,0,-0.40701136594234805,-0.7992201934596711,-0.22489707294929878,0,1
0,1,0,2.3615483569748483,0.572362809099228,3.7785696643961484,1,1
1,1,1,2.412863705416908,-0.6462474400959742,1.3614887664539643,1,1
0,1,1,0.6333017963018253,0.6952647571699009,1.2062545488693757,0,0
0,0,0,-0.19559858773713168,1.133612316716266,-0.05082631574212676,1,1
1,0,1,1.3978004181267023,0.5856475228759048,0.8081103960320171,0,1
0,0,1,-0.47612981164976376,0.08599363859382074,-1.1326439815793206,0,0
1,0,1,1.3247107202517958,-0.6005284898644525,-0.09024355658708155,0,0
0,1,1,0.7939963846391834,0.05890926533218891,-1.8280662507671948,0,1
1,0,1,0.2465865108111366,-1.1003615797527344,0.36121282668327254,1,1
1,1,0,-0.4993892071825777,1.759741841294253,0.17709430905203954,0,0
1,0,0,0.5003575042865647,0.7184234923411369,1.176683150321192,0,0
0,0,0,0.0762520430359561,1.3284322053816382,-0.1058414004416498,1,1
1,1,0,0.40547816085376426,-0.805372726432063,-0.47143719805547324,1,1
1,1,1,-0.03623857775559582,0.25627070499042753,-0.5910898059901956,1,1
0,0,0,1.7323869610894247,-0.8947088056468829,-0.4672201577924316,0,0
1,1,1,-1.4798732975841686,-0.3494226164864655,-0.0887778228048407,0,1
1,0,0,-1.3041317781626474,-0.15423051272417787,-1.0492870662792975,0,0
0,0,0,0.6699088617958522,-0.8403839283243209,0.11089050575301898,0,1
1,1,1,0.19721973090509662,-1.7090917383492084,-1.4449533120694613,1,1
1,1,1,-1.3760260920958653,0.89831642830153,1.3028314506881822,1,1
1,1,1,0.6077918185203374,0.47025187980029803,0.8477115602690761,0,1
0,1,1,0.052082865558510036,-0.0020079446636393256,0.19888710882643884,1,1
1,1,1,-2.756578737123819,0.7960613362932716,-0.702360127817631,0,1
1,1,1,1.7117704792365938,0.393707245469159,3.008187837471728,1,1
1,0,0,-0.3433309986383622,-0.5392447319041779,-2.359206772189352,1,1
1,1,0,-0.5009521328612357,0.5801373738557501,0.9296542840058033,1,1
1,0,1,-0.5856374517392958,1.0460931535729574,-1.4409232241848,1,0
1,0,0,-1.6308655166939299,1.0593576788055397,0.9984770573087143,1,1
0,0,1,-0.8540844052876272,0.22540358922527606,1.949126979669984,1,0
1,0,0,0.9003624233353846,0.9499148336348412,0.8073520137223689,0,0
1,1,1,-0.7498140381111295,-0.5539083542642891,-0.9504831989200253,1,1
0,0,0,0.0857503933675255,1.036571919962855,0.5749483384512724,1,0
1,1,1,-2.016968758278226,-0.6570338728401096,-2.358560078501739,1,1
1,1,0,0.27124469343567714,0.4627260119451383,-0.10877861872238276,0,1
0,0,0,-0.38221598502177856,-0.6213637363596933,-0.21115910932740972,0,0
1,1,0,-5.341306813937862e-06,-1.335280202195098,1.3467782916973388,0,0
0,1,0,-0.22160957854990554,-0.19793057444111894,-1.8950075193364413,0,0
0,1,0,-0.26016279933910225,2.7245793348049756,1.5130752162851282,1,1
1,0,0,-0.370121608190896,0.20357041667483555,-1.4884585702468152,0,0
0,1,1,1.1754298418203921,-0.12375342758596464,1.5059578798323128,1,1
0,1,0,1.2196554552764436,-0.06051193866687456,1.1400524763547186,0,0
0,1,1,-0.30284748207172374,0.9648055992565193,1.371857594534507,1,1
1,0,1,0.42903775619098483,-0.6026137224386714,0.1071309053144664,1,1
1,0,0,-0.8110491827695792,0.3126816808828915,0.02357088724779688,0,0
1,0,0,-0.8939477743294694,2.063984620113138,-1.2158466144055633,0,1
0,1,0,-0.48061035452977824,-1.2298049463485135,-0.10678219318306059,1,1
0,1,1,1.101078872647865,0.009287613740021305,0.32978183531600136,0,1
0,1,1,-2.82484333788991,1.0090075249027382,-0.17914754127989418,0,0
1,0,1,-0.9018130398900265,1.0916267129166453,-0.30869695150271936,0,0
0,1,1,0.36804292124677596,-0.6255383911295602,-1.4150627964725393,0,0
1,0,1,0.4602833288553849,0.49219048148763506,-0.23036266954067053,1,0
1,1,0,-0.07330930974961869,-0.9393074669892455,-0.8287289887143192,0,0
1,0,1,-0.9995466269139658,-0.49707587768751976,-0.7667679654722286,1,0
0,1,1,0.3380528122967326,-1.0645375417582879,-0.7794640482237863,0,1
1,0,0,0.8372903279916949,-1.604262636997183,-0.32182888533863147,1,1
1,0,0,1.074795210315213,-0.07297621717677752,-0.6516890168464208,0,1
0,1,0,0.35759715375092943,0.1225056725731584,-0.23816959236588853,1,1
0,0,1,-0.36097108563900177,-2.0763208024388264,-1.0962938861072493,1,1
0,0,1,0.4508235347222374,0.3973010964003045,0.10000994449273398,1,1
1,0,0,1.024925309310267,-1.3671818631921022,0.981830904551391,0,1
1,1,0,-0.02428334383363513,1.4567409376671412,1.0918876277249254,1,1
0,0,1,0.01689319676050621,1.2042100427875946,0.6101303611799265,0,1
1,1,1,-1.3809300306514776,0.5834232653581043,-0.14183805222699236,1,1
1,0,0,1.317103339155433,0.08955606825005864,-1.2474182447679825,1,1
1,0,1,0.015117526399323448,-1.4422416703139025,-1.615885876224462,0,1
1,1,0,-2.1737373268444116,0.02920566204944167,-2.261399778736574,1,0
0,1,0,0.4425928453511307,-0.5489466967951221,-0.6116127279253495,0,1
1,1,1,1.5390734401735613,-1.945476628807725,-1.7425708524507728,0,1
1,1,0,-2.513563609546703,1.2420711036705523,-1.8952688535916562,1,1
0,1,1,1.6586635172602584,0.6724576919035279,1.0794597271939415,0,0
1,0,1,-0.07043567356950284,-0.5473792661788898,-0.5530080551931589,1,1
1,0,0,0.6668256171288633,0.5481692621978163,1.0891765742720008,0,1
0,0,1,-1.186843317245243,-1.1137759428564733,-1.459534496502997,1,0
1,0,0,0.37979285147132563,-0.20178771819674757,1.1340253334381285,0,1
1,1,1,-0.12391454039912173,-0.1324524553120121,0.682179147870206,1,1
1,0,0,0.36622276253745145,-0.5172537948320446,-0.8635533402396177,1,1
1,1,1,-1.3450478981486051,0.6824347239019622,-1.8063268361201381,0,1
1,0,0,-1.0091971016912973,0.4015471368264871,-1.3055551932454192,0,0
1,1,1,-1.6532007969067166,-0.10463682518489353,-2.1866742402461923,0,0
1,1,1,1.9486394921350654,0.806326758533241,1.429149194894458,1,0
0,1,1,0.6663831873714706,3.2693103741828713,1.2186159813645838,0,0
1,1,1,-0.35362437860375806,1.967573942460707,0.6171790827955139,0,0
0,1,1,-0.05820673811530818,-0.8270239653336938,0.625013928937443,0,1
1,1,1,-1.0855623482019676,-0.32008918266111935,0.6535288382858273,1,1
0,0,0,-0.499010088469489,0.8003943936763834,-2.5275933376300617,1,1
0,0,0,0.25191828804116173,0.7138379724768701,-0.7709168873473966,0,0
1,0,1,-1.8888874575239927,-0.48008312731433556,-1.9577012450326643,0,0
0,0,0,-1.9673130282883948,1.2299830339619129,1.5808827911664827,0,0
1,0,0,-1.4545671116295493,-0.3411283461255114,-1.5335324900533345,0,0
0,0,0,-1.006530109365719,-0.919910260280618,-0.2253435658037738,1,1
0,0,1,1.1765416889282845,0.09222560183527767,0.6954365906498352,0,0
0,0,0,-0.04302754372711166,-0.03921126356123151,-1.635569836688068,1,1
1,0,1,-0.354041806578412,0.4585735938809193,0.12868090743030763,1,0
1,0,0,0.8884640606688179,0.5815885558195768,1.319473517548339,1,0
1,0,1,0.5475146035085457,-0.35718734443427136,1.2717745155753737,0,1
0,0,0,0.2871702705914444,-0.7573663445870941,-0.24546071673048708,0,1
1,1,1,0.16963526457275,1.3436444995050216,0.6301950467266875,0,1
0,0,0,0.2544539312917613,1.0283377547686827,-2.902068420203883,0,1
1,0,0,-1.9774841193670263,-0.9764033935736438,-1.6838994903579383,0,0
0,0,1,1.2433041704382326,0.3978558888371633,1.904513657594121,1,1
1,0,1,0.7682476746763094,-0.25416961080481576,2.407006876758078,0,1
0,1,0,1.126589403179953,0.5679654057855009,1.759206793962156,0,1
1,1,1,1.1052117674489728,-0.9716559060194295,0.7666841993971094,0,0
0,1,1,0.330016806560971,1.2517259725701488,2.214599232127056,0,1
1,0,1,0.7463279637477623,-0.1906310959673675,-0.0388077921733988,0,1
0,0,0,-0.7604681776113899,-0.9266994725837825,-1.6711793817332505,1,1
0,1,1,1.3513073238132811,-0.40711446464977763,-2.6506540812698236,1,0
0,0,0,1.1462821601333955,1.0889626167501554,0.02495255782166761,0,0
1,0,0,0.2228868286809419,-0.39935291323790895,0.7141691405235643,0,0
0,0,0,-0.38880444401148534,-2.0237107973595654,-1.3578230049420954,1,1
0,1,1,0.307991619572006,1.6484627642979397,0.5053722513614589,0,0
0,1,0,-1.909634440276823,0.18732030241918676,-2.089836425790028,0,0
1,0,1,-0.39962149198662117,-0.4264056057784035,-0.7396446856748411,0,0
1,0,0,2.8475071283461024,-1.0155659410106905,-0.25530486055880786,1,1
0,1,1,-0.11608639342235076,-0.45182016041262946,-0.19070777837792335,1,1
1,0,0,-0.5976558361591928,-0.4647288170051425,-1.229470268462828,1,1
0,0,1,0.025495394131004954,-1.3548094589154964,-0.29506163692413884,0,0
0,0,1,-0.793546964363819,0.5133598423250388,0.8380686479044784,1,0
0,0,0,-1.4484157253887284,1.3944361933544311,-0.04411474455905443,1,1
1,1,1,0.5501194642997626,0.9846554082096198,0.12468045250258464,1,1
1,0,1,-1.792760933324773,-1.7330087062539263,-1.0413357932249798,1,1
1,1,1,0.23298335849974983,-0.46854218079373616,1.2383597408448823,1,1
0,0,0,-0.23090514607062862,-1.954352835943059,-2.7665557091098165,0,0
0,0,0,-0.20549691327867295,-1.2695234983900598,-0.7740713882951039,0,0
0,0,1,0.22634700626125745,-0.78978124705566,0.2221956949263923,1,0
0,1,0,-0.33756713614271694,-1.503010000406171,-2.060158958548942,0,1
0,1,1,1.6736704998786838,1.1880561377305738,3.27874742314314,0,1
0,1,1,0.009380252529427266,-0.5241055907085455,-0.20352175647254223,0,0
1,0,1,2.1854221778558744,-0.09384331746564549,2.932102184056282,0,0
0,1,1,-0.23263388519884637,-0.7489432523496004,-1.9836444966098172,1,0
0,0,1,-0.1344670051202094,0.9317843342629656,-1.2599523700649178,0,0
0,1,1,-0.41793542377092413,-0.3405916173255985,0.675223551087138,0,0
1,1,1,-1.882534533899302,0.7476622240291781,-1.5977280480894198,1,1
1,1,0,-1.7992649954418056,0.5993942221651699,0.72680565657595,0,1
1,0,0,2.210423792692275,1.1323022642535376,1.5043185164211774,0,0
1,0,1,0.3831635207798588,1.9556774984294867,2.0785559537011693,1,1
0,1,1,-0.3698481812989487,-0.9674132575253364,0.6577954082043722,0,0
0,0,1,1.9796797055328659,0.43086409597816877,2.405014079669198,0,0
0,1,1,1.1352129370972488,0.7855874224407976,1.299315422444224,1,1
0,1,1,1.4615694119793434,0.3409617094084545,1.3106798593277982,1,1
0,1,0,-0.16581693645374096,-0.818224410877762,-1.2146506101395986,1,1
0,0,0,-0.2290248750953007,0.26494600401237434,-0.29905814157293026,1,1
0,1,1,1.243150039309591,1.4708597842792024,1.6177028783323883,1,1
1,1,1,-1.113357878796422,0.3016763798124786,0.524187984126579,0,0
0,0,1,-1.9990304888364796,1.2239687524975191,-0.5589546372532477,1,0
0,1,0,0.5739801776138781,-0.3950099020610673,2.321062961179338,0,0
1,0,0,0.18036844849838243,-0.34779581350957156,-1.644449784951714,0,1
1,0,1,-0.06939597936775257,0.2362005921487647,0.09916580770306754,1,1
0,1,1,-0.586405668334938,-1.495673519072819,-0.2319014542001563,1,1
0,0,0,0.8156551140682791,0.9608836748262292,0.3042813325825182,0,1
1,1,0,-1.4002619082657894,-0.18238525498095381,-2.149923195242715,0,0
0,1,1,-0.8425304627496412,1.1491275553059852,-0.3471218345479827,1,1
0,1,1,0.12259917910018736,0.9044172414637073,0.1929588722831947,0,0
0,0,0,-0.7018630673832401,1.4942950385142095,-0.5444985877781245,1,1
0,0,0,-0.06842559182628244,0.368561006271055,0.9255059995296663,0,0
0,0,0,-1.4660558852752632,0.5441912976086355,-0.4269771144324051,1,1
0,0,1,-0.8922348303464606,-1.1720083906527825,-1.5054939180305795,0,0
0,1,1,0.7283178201980811,-0.7504237236757187,0.7228641816225382,1,1
1,1,0,-0.5885695816155436,0.7272302532748226,-0.04672246268908657,0,0
0,0,0,1.3486451912170316,2.3522526852482946,2.033006929216921,1,1
1,1,1,1.3020722174634105,-1.3191133254052534,-1.7055592528141776,1,1
0,1,0,-1.046153421688167,0.6969116774626882,-0.7051239179355392,0,0
0,0,0,-0.9531056662514747,-2.3752248543240557,-1.341039107188337,1,1
1,0,1,0.27336627871694164,0.5762036291296799,1.969548932164609,1,1
0,1,0,0.1599342350729595,0.4106349665769788,-0.7694119303818863,1,1
1,0,1,0.21773837666533555,1.4394959119560968,-0.772379420796417,1,1
1,1,1,0.6282640417030574,-1.2906941414194646,-0.8808708752716194,0,1
1,0,1,-1.0948061302321062,0.12863476457144032,-1.1474535186885557,0,0
0,1,0,1.685402988181529,-0.5447628572653141,0.9348005215597484,1,1
0,0,0,-0.3102020096680034,-2.595178282448471,-2.643478555813701,1,0
1,0,1,-0.8749061669325118,-0.1599867471691414,0.30006945704721144,0,1
0,1,1,-0.9780860456457479,-0.7555246249406887,-0.5731220720266911,1,1
0,1,0,1.5868839977151084,-0.23617404175724654,0.9498343488248766,1,1
1,1,1,2.546576373339994,0.019102099099983373,1.2461165336521258,1,1
1,1,1,0.7850331807367544,-0.5770938114123333,0.1094201167220105,1,1
1,1,0,0.6603819976288652,-0.3825513369145055,0.9598119784763002,0,0
1,1,1,-0.05315877568486278,0.673506335325378,-0.2558556737300381,0,0
0,0,0,-1.108322828064379,-0.4710742829585421,-0.613452502631376,1,1
0,0,1,-0.13017405695773832,1.1587428402058018,-0.04475459530970127,1,0
0,1,1,-2.047102510528661,0.0809717549583993,-3.18832857209037,0,0
1,1,1,-0.323284914823004,0.8823087345796499,0.3362561484711379,1,1
1,0,0,2.225346241413759,0.3601412272907054,1.6002622640599888,0,1
1,1,0,-0.901749711003121,1.0045499461622038,-1.335212242017961,0,0
0,1,0,2.4140929646763145,-0.01916463320368982,1.2817282353865858,0,1
1,0,1,-0.40965400761969567,-0.9890990562471863,-0.7882081105135705,0,0
1,0,0,-1.4128124811740248,0.11798847639631965,-1.967063149154223,1,1
0,1,1,0.5133885906617767,0.4375087762939231,-0.6533479488920059,1,1
1,0,1,0.19515925264152842,-0.2778426540795161,-0.3587756178853954,0,0
0,1,1,1.1240597386707285,-0.19634580756850387,1.3691206002403709,0,1
0,0,1,0.5280288604919406,0.6575984005335885,-0.2696032632921268,0,0
0,0,0,-1.6755477808856216,1.1552049695635915,-0.44468916638443956,1,0
1,0,0,-0.28057598228087416,-0.3147170078821016,0.9678776662319968,1,1
0,0,0,0.48894958574046193,-1.0016377668542118,-1.6160932924819185,0,0
0,0,0,-0.3763340919999441,1.7195622193731155,2.200270856183569,0,1
0,0,1,1.6436196140167407,0.9116265021735691,-0.9358073711346935,0,0
0,0,1,1.7710167533346202,-0.05130290360167021,0.9450434636570885,1,1
1,1,1,-0.6297218013260969,-0.14287591427052315,-1.6063497525698918,0,0
1,0,0,-0.04227153915261838,0.9907243315835995,-0.25637409104257514,1,1
0,1,0,-0.670363182417811,1.0943506908565739,-1.6883091575673779,0,1
1,0,1,1.2409190434572765,0.4652810208625791,1.3217054901604786,1,0
1,1,1,1.2370763999607006,0.002755636007812359,0.1206046143022611,1,0
1,1,1,-1.9343182457131458,-0.9886428679810927,-0.9470549623283777,1,1
0,1,0,-1.1476419223057244,1.4127558940883294,-0.5423426243775434,1,1
0,1,0,0.9421505449259392,1.5519774517898866,0.5435693147898477,0,1
0,0,0,-1.5457659265970443,-2.4484779678638877,-3.2820340416229636,0,1
1,1,1,0.26828464651312983,1.4378806909015858,-0.801592917115193,1,1
1,1,1,0.45465822287864416,0.8862364175003978,-0.14952020855880477,0,1
0,0,0,-0.5915486017238467,-0.6130471518463736,-0.7535847427965944,0,0
1,1,0,1.948468257163923,-1.3336638112676957,0.4142912065402838,0,1
1,1,1,1.052395170586636,0.3159366309705954,0.9294641443709719,0,0
1,1,1,-0.3143530795268653,-0.19317050116930204,-1.469075599136998,0,0
0,1,0,0.9778945749983546,-1.4515843115351028,-1.5419528771124014,0,1
0,0,1,-0.42052448460981856,-2.7829316220198774,0.4040962192316402,1,1
0,1,0,0.7057308620593181,-0.2385563771209417,0.6166629032634543,1,1
0,1,1,0.9557526467966926,0.24682445491897595,1.8125103983678785,1,1
1,0,1,-0.004966334741138716,0.24336541008120138,-0.47130410986331484,0,0
0,1,1,-1.811330159713826,-0.4011574023089912,-1.4212778303832951,0,1
1,1,1,-2.100191692044622,0.39016816133053683,1.0386893397927213,0,1
0,1,1,0.5011716015843254,-1.818986879980637,0.23259358162447163,0,1
1,0,0,0.2640632712439198,-0.9797580625958564,-0.19025304379105246,0,0
0,0,1,0.5137617770888909,0.8457959039255399,1.2968603836836188,0,1
0,0,0,-0.20578193732397873,-0.8276515844976016,0.28251792779502793,0,0
0,1,0,-1.993034744579364,1.9802751437388926,-0.49166452814381745,1,0
0,1,0,-1.5523474724529904,1.8083752665977895,-1.098147073959737,1,1
1,0,1,-0.11810502632411625,-0.31915924237320253,-0.054424380022495805,0,0
1,1,1,1.4412488693398358,-0.7625001859279503,2.500563657181184,0,0
1,0,1,-0.7366303520445167,1.243894079258334,1.5944565405434012,1,1
0,1,0,2.035754084117257,1.3152402910539265,0.5876947438583568,0,1
0,0,1,-2.6169269115258125,-0.9143790010975474,-1.416102802472749,0,0
0,1,1,-2.0064253713833344,0.05497773662525538,-0.9087989075683264,0,0
0,1,0,-0.9327502330358265,-0.14387898238754906,1.5577824721706657,1,1
1,0,0,0.5100457903342384,-0.7424077696958493,0.763526594182688,1,1
1,1,1,-1.3920665424457876,1.1239816366818929,-0.741939217607604,0,0
0,1,0,-1.322964713626879,-0.5401805877087856,-0.7629224711520507,0,1
0,1,1,-1.83039825398671,-0.702711801511924,-0.9844709154861209,1,1
0,0,0,-0.1587928942230444,-0.4405593223471761,-0.1546792516430414,0,1
1,1,1,0.44303942641679267,1.0959071599951502,-1.0330582533421495,1,1
1,1,0,1.1813687269867659,0.17116085719850183,-0.11042965777621405,0,1
0,1,1,-1.3254261311634186,-2.149235352048642,0.5603228887318366,0,0
0,0,1,-0.17917593457444472,-0.7497991750435405,-1.6895852462490941,1,1
1,1,1,-1.1118057205707808,1.4184316440938616,-0.6528241452051358,0,0
0,1,0,1.661668438081179,0.9602047096386341,2.6734029477628534,0,1
1,0,1,-0.9781024051338636,0.5705973461949398,-1.2096666653470383,0,0
0,1,1,0.8984863519475342,1.019117663040516,0.06744457101410861,0,1
1,1,0,0.26730245148067006,1.112506645924523,0.7098849127604242,1,1
0,0,0,-2.1739115754817284,1.9797370872576945,2.3423337699098608,0,1
0,1,1,0.4136863960615893,-0.10275370601655594,-0.6294629096648587,1,1
0,1,0,0.8457478023733078,-0.4212183652874494,1.8451325118779254,1,1
0,1,1,-1.5175439666663173,-0.8964991465676764,-0.7027996191337608,1,1
1,1,1,0.7277584114713853,-0.07567828622096688,-0.08964312821092801,0,0
0,0,0,-0.45646930546922954,-0.41725119694958285,-2.0060331183402367,1,1
0,0,0,0.9173255865548117,-1.9443309346541433,-1.861679059781816,0,1
1,0,1,0.5791709915952917,-1.204148585047127,0.6895800262142497,1,1
0,0,0,-0.9315066409320376,-1.3371033861368768,-1.0939283461388303,0,0
0,0,0,0.28428440906999913,1.6900771028047652,0.8418834417115415,0,1
1,0,0,-0.11704521138755127,0.6018176039871458,0.5751008254759359,0,0
0,0,1,0.24071620715475478,-1.3586011398874893,-1.4244447043374666,0,0
0,0,0,-0.9008202345500735,0.6596945715719628,-0.7943454889692094,0,0
0,1,1,1.1667191372381507,0.5181100134428188,0.7134191204146783,0,1
1,1,0,0.04902424593023133,0.34021940826849517,0.6458658465446313,1,1
1,0,0,0.2751791861065793,-0.5725236967615323,0.503790866262622,1,1
1,1,1,-1.4958423425758691,-1.287546167580564,1.1180894496387324,1,1
1,0,0,0.2600923532577493,1.8648387370709667,1.8905494639143952,1,1
0,1,1,-0.19162538293831408,-0.5346852239576644,-2.718974206617685,1,1
0,0,1,-1.4958062939836374,0.005485198605601475,-0.548260689003321,0,0
1,1,0,0.2907099972029098,-1.9246785456454862,-0.8325916478000271,1,1
1,1,1,0.1304049145553926,-2.457329308547842,-1.706673437339119,0,1
1,0,1,0.9463164085123248,-0.1623235831754795,-1.150864448599601,1,1
0,0,1,0.6412217706547856,0.38812875623795245,1.6997984339741197,0,0
0,0,0,1.535843918885441,-0.06351703242750303,-0.6512473329582815,0,1
0,1,0,-0.7233004038684901,1.6291942204650134,0.5355270287827548,1,1
1,1,0,2.069684124667455,-0.5366659112446446,0.03322468488745722,0,0
1,1,0,1.8343767047540742,-0.7041878167074495,-1.6601950135997001,1,1
1,0,0,1.023658252418737,1.396581751771175,2.3834940080654246,1,1
0,0,0,0.6442491791125964,-1.2574339260274188,-0.4644952322076284,1,1
0,0,0,-0.9398896691139641,0.48533890108316896,0.2547626056251313,1,1
0,1,0,0.05487571236237143,-1.3219331317171645,-0.34732707607322394,1,1
0,0,0,-1.6572082075062227,-1.7646458980860782,-2.2811224528251817,0,1
1,1,0,-0.4266577770369402,-0.013545214791959727,-0.3073129270461986,0,0
1,0,1,0.0901745100549257,-0.023221409744099326,0.5042673582279817,1,0
1,1,1,0.6228911851321823,0.17557551573799682,1.030563186839463,0,1
0,0,0,1.7911036492236223,0.5676322821569886,1.2809057817435834,0,0
0,0,0,-2.1765149141903364,0.8811943946227451,0.537753529068856,0,1
1,1,1,-2.088710784322033,0.3274986423445034,-2.3599267594759437,0,0
0,1,1,-0.6647498498132959,0.5632737502645974,0.9226178393041998,0,0
0,0,0,-0.4435813076973664,0.4816806768414809,-0.5605907708590395,0,0
1,1,1,-1.4274317599946769,0.15739730388318782,0.7383932339272518,1,1
0,0,0,-0.024921674894021695,-0.6966254084949256,-0.2022260681406013,1,1
0,0,1,-0.06238481081508197,-1.3737818869237342,0.18143152062965873,0,0
0,0,0,0.8133361186057388,-0.40067453637042333,-0.8443181387641936,0,1
0,0,0,-0.5886485700958441,-1.367168664945378,-0.04377639309767323,1,1
0,0,1,0.10153986472614798,2.1636953540121615,0.1836000132239829,0,0
0,0,0,4.1333623096040775,-0.07845524187670298,2.884262687086121,1,1
0,1,0,-0.3004963934316089,-0.28656108852239015,0.770786503932761,1,1
0,0,0,1.52418295850111,0.3840932719138176,0.4719460570419538,0,1
1,1,1,0.8030678776462219,-1.210254508928042,0.6442110175421167,1,1
0,1,0,-2.063066754307596,-0.42821491901495135,-1.7807168074140538,0,1
0,0,0,-0.9200543638740982,-0.5977176161865824,-0.1639769321824026,0,1
1,0,1,-1.3593062972419518,3.2380974880962983,2.241596924219813,0,0
1,1,1,0.8496996041076691,-0.3130767652427824,-0.657201752987739,0,0
1,1,0,-0.42563485324887834,-1.4513194731839978,-1.9373627530430477,0,1
1,0,1,-0.3694358335953668,1.8382763131876603,0.8031281978925107,1,0
0,1,1,-0.2034201978417092,2.399071733023396,0.8320684962955487,0,0
1,1,0,1.4397133066854455,0.9526607352340611,1.4299294723505978,0,0
0,1,0,-0.3228173645855947,-0.38372452339509083,0.908743987685835,1,1
1,1,0,-0.6766149010861096,-0.7898876484998705,-1.5055390263758217,1,1
1,0,0,0.6415451944897527,-0.62753239071952,0.6773192783289177,0,0
0,0,0,-0.5385856308892919,0.22777545181922387,0.767785111975638,1,1
1,1,1,0.048388604345697236,-1.2272281250209065,1.5357880021218944,1,1
0,1,1,0.717876554538234,-0.7498105638154007,0.20485674767261589,1,1
1,0,1,0.7561519301876535,0.24921124123826827,-0.008538219278259374,1,1
0,0,0,0.4447362937211022,-0.665227119130578,0.07058971484805401,1,0
1,0,1,-1.4322912780511925,-0.5073764196627163,-1.7045875552816812,0,0
1,1,1,-2.3932819707703072,-0.6615201191920348,-2.0410842428648976,0,1
1,1,1,-0.039132253275620095,0.1421063138012087,0.049898849456587395,1,1
1,0,0,1.7604383981168756,-0.07490313472770493,0.4412187803748656,1,1
0,0,0,-0.35184274525547066,0.9259080243349417,1.4717284873879075,0,1
1,1,1,-0.12938237104887437,0.37737077836127036,1.6789671228768122,1,1
0,1,1,0.6632431644875166,-0.34857045166020706,-1.3790778902070342,0,0
1,0,0,-0.14859479300151662,-0.43419487833909454,-0.7186980373273377,1,1
0,1,1,1.6321386968653704,1.7562396888459482,1.6786785072977175,0,0
1,1,1,1.187201794931626,0.49817489488405475,2.4682986554291393,1,1
1,0,0,-2.1010431655752217,-0.6559022234157628,-2.563274176688854,1,1
0,1,1,0.186354921380492,1.1475138456596907,0.38299856954926825,1,1
1,0,0,0.5155841705409203,-0.4265867411422053,0.9158500325955313,0,1
0,0,0,-0.21461790941104572,0.556682979962335,-0.19492006001942308,1,1
0,0,0,0.7567597273118024,-0.8178924044956585,-0.4352158726156689,0,1
0,0,0,-0.759623399718355,0.6769546862800032,0.9955237847558838,0,0
0,0,1,0.16079835524602734,-1.0817170379856003,-1.189588618586651,0,0
0,0,0,-0.3866471079914866,0.9447520580666722,1.2586935740830838,1,0
1,1,1,-0.38148066930407165,0.0843092780161651,-0.7640359441569469,0,1
0,0,0,1.3381645153326516,0.025794326771195263,1.3644416281132181,0,1
1,1,0,0.586198165250216,2.2100313642016234,2.5348349602961116,1,1
0,1,1,0.488467518249426,1.0815381496359213,1.9469543009547805,0,0
0,0,0,0.8188967795970408,0.4664862214358859,0.4637049514352378,0,0
1,1,1,1.7851333081769927,0.32559834314185127,1.090004318039948,0,1
1,1,1,-0.5207977872489352,-0.7540635122869002,-0.7254896485800164,0,1
0,0,0,1.2734137310871871,0.547689731194078,1.584708059470438,0,1
0,0,1,1.921868535313019,0.6610546132210781,1.2961866563505544,0,0
1,1,1,0.21044805241632553,2.2172240408076376,2.0282517114466323,1,1
0,0,0,0.6690910797386173,-0.6242221274374056,1.0645790178458134,1,1
0,1,0,1.5960640215157238,-0.4295933394638437,1.7029696275600514,1,1
1,1,0,-0.11403808801119383,0.26228202313987886,0.5147788089402056,1,1
0,0,0,0.699992197313284,0.3020932043337147,0.6885737067037317,1,1
0,0,0,-0.6194374132594108,-0.22389947927530562,1.1272518530202809,1,1
1,0,0,1.4904040829137288,-0.9807980170924397,0.22325217103650913,0,0
1,1,1,1.2619152246517087,-0.4329440288591279,0.8271527980047255,1,1
0,1,0,-0.5473602763728737,0.7524373451787463,-0.9550592844031542,0,1
1,0,1,-0.7503496510773436,-0.030776265658194486,0.053704115714866885,0,1
0,1,0,0.16586052910520016,-0.9517718078864598,0.28525127392671557,0,1
1,0,1,-0.5200200390456313,1.3984779842032606,-0.23402862628518395,0,0
0,1,1,-1.1342386871097858,-0.389444843267332,0.15247035077910687,1,1
0,1,1,-0.7718958592741195,-0.658218117726823,-2.8684475380263397,1,0
1,1,1,0.1928697269713015,1.8448573401793842,-0.6624705187422506,1,0
0,1,0,-0.5988026725316123,0.40650150815370806,-0.31492748346315314,0,1
0,0,0,-1.3156689975098663,-0.5796770414542285,-0.4637203723882034,0,0
1,0,0,-1.3110527127798894,-0.10224285699046129,1.1609248891205006,1,0
0,1,1,1.267882347417071,-0.25957386635896834,-0.9340334201075828,0,0
1,1,0,-0.5681801531712302,-0.2707578954366743,1.0281043820729387,1,1
0,0,0,0.11294137998824971,-1.0347138215507221,0.4543779463969493,1,1
0,1,0,-0.3683580196964127,-0.649390390159057,1.5602152460210976,0,1
1,0,0,0.06018451305592677,0.5563724236783983,-1.7445393463307979,0,1
1,0,0,-0.3105775291617566,-0.42963226023984236,-1.817491305110519,0,0
1,1,1,1.4861889467914904,-0.4295929916289001,-1.0210462612973163,1,1
1,1,1,-2.604772809417362,0.17157735008762018,-0.27974662850799703,0,0
0,1,0,1.1403237545552516,1.1146632691134521,1.8315176148464631,1,1
1,1,0,-0.8685547068760341,-1.6350574152963848,-2.28867548560652,0,0
1,1,1,0.627659003406968,0.7625156766957965,1.101581101958158,1,1
1,0,1,0.04784625208114017,-1.525575269305209,-0.25957038843758234,0,0
1,1,0,1.7391338485399734,-0.5552798756162965,0.6731540076569378,0,1
1,0,0,0.36893597105111925,-1.9711962859711274,-0.7192441197025438,0,1
1,0,1,0.09518325608123288,-2.260486758249321,-1.5796775230046705,1,1
1,0,0,-0.34375380734464817,-0.1172633020289323,-1.3712221484122815,1,0
0,0,0,-0.7784617505368367,-1.0260843185511475,-1.636240775708861,1,1
1,0,0,-0.9652990780749983,0.319592811074143,2.0138545298954647,1,1
0,1,0,-0.3638362961358183,-1.5548453490794265,-0.1938412169862317,0,0
0,0,1,-1.2670348833322376,-0.20481954011312187,-0.4934719888132091,1,1
0,1,0,-0.705656217988016,0.8805933955483499,1.1325476356561863,0,1
0,0,0,-0.8701517376991924,0.2155322508978995,0.6709828275476531,0,1
0,1,1,-0.9861608119528857,-0.031827889644757856,-1.0902198252512938,1,1
1,1,1,-0.7672321587437689,-1.3654371356539479,-1.9577813621903726,1,1
0,1,1,-0.2045199598475453,0.24995320571005197,0.6616172447698639,0,1
1,0,1,-0.8503491278091319,0.4825650265705477,-1.1129286241370786,0,0
0,0,0,0.29379320553650506,1.2146518461686142,-0.21965954568149315,1,0
0,0,1,0.35152693979514116,-0.8172159690596447,0.9092797048949699,1,0
1,1,0,-1.6230596837791849,-1.0011158717915145,-2.2827537454254885,1,1
0,1,1,-0.16964576207570561,-0.3209503564873425,-0.2506220824957192,0,0
0,0,0,-0.9701406085398485,0.7009116355888014,0.26096597215617556,1,1
1,1,1,-0.986768704068619,-0.0652023607897843,0.3333591823613983,1,1
1,0,1,0.191748112086116,-0.22843996674990627,-0.5082319703566244,0,1
0,1,1,-0.37361954979191264,-0.09226353449954756,-0.6565399008993991,1,1
0,0,1,-0.4133201198397661,0.3836665943240878,0.5403068096564445,1,1
1,0,1,0.20567479828839683,-1.0368450810492174,-1.0478824968564417,1,0
1,1,1,0.7954800990270028,0.727086745351342,0.6896870199082857,0,0
0,0,1,1.0629571094219994,-0.6900188403487816,-0.6579702495499533,0,0
1,0,0,-1.056024254277245,1.4742713756321757,-0.05488916153973644,0,0
1,1,1,0.33280320448238127,0.26221211179241444,0.6982769768609061,0,1
0,1,1,-1.2162110648355873,-0.7875536859599732,0.26363222509124795,1,0
0,0,1,-3.3345696974470576,-1.2640734937762796,-2.9355950907210002,1,1
0,0,0,-1.9363264331950025,-0.06360869374525287,0.7483317015409976,0,0
0,1,1,-0.27986408978893235,0.027405464299216902,-0.20098046151314852,1,1
1,0,1,0.7914239869545724,0.43097032208381064,0.5016812771211013,0,0
1,0,0,0.4702680026732579,0.08853362889395662,1.1739389941025986,0,1
0,0,0,0.6521425881756695,-1.7541288168405573,-0.32485291708022035,1,1
0,0,0,0.6147658838909157,1.244711911691266,1.3370347883019793,0,0
0,1,1,-2.419165667432911,0.4832824223067876,-2.07315693867123,1,1
1,1,1,-0.6966163680504595,-0.8464366719309203,-1.2680836242925728,0,0
1,0,1,-0.9729627876894571,-0.9330442566659002,-1.2153334568796075,0,0
0,0,0,-0.1362852706666348,0.17432557764447712,-0.16951855066403312,0,0
0,0,0,1.0418285032984662,-0.9531140766920764,0.7915548564301123,0,0
0,1,0,1.1425935736104609,0.4488744812674331,0.9509505709132192,1,1
0,0,1,1.7378244738354498,0.7646026849595601,-0.25727524712429206,0,0
0,1,0,-0.08432268144908989,-1.597752751833167,-2.530130825462051,0,1
1,0,0,-0.6978812374504357,-0.3152925791890312,-1.1002986911643593,0,0
1,1,1,0.5623605643614717,-0.5012056322990319,-0.26486033349630744,0,0
1,0,0,0.13642810483084866,1.543314811631297,0.7168206493946294,1,0
1,0,1,1.6567892997416684,-0.023172635889294246,0.21233047213151457,0,1
1,1,0,-0.9526096417232855,0.9117153698207563,1.34281661824403,0,1
0,0,0,2.097770376544696,0.02629558375469636,0.8793074170032553,0,0
0,0,0,1.6143079717678555,-0.9232101587374797,1.4327352299634257,0,1
0,1,0,0.998907459589947,-0.00967018948453154,1.8913872652684893,1,1
1,1,1,-0.8820364861409566,0.576809199996108,0.012731705579163755,1,1
1,0,0,-0.5742834658902746,0.14851038273108216,-0.4482735839712554,1,1
0,0,1,-1.554774782605797,0.05194707181824908,-0.8361919898647173,1,1
1,1,0,1.1409830231763223,0.3094092191958393,0.5569698903670804,1,1
1,1,1,0.8276464697305522,2.048697335794439,1.6125225985968787,1,1
0,0,0,-0.8116038567777992,-0.6473353968471037,-1.0492909271299014,0,0
1,1,1,1.4559438625761594,-0.665286503236988,1.5922024580904501,1,1
0,1,1,0.5549268679098394,-0.7505200343763204,-0.44882801871419975,0,0
0,0,0,0.20054944962904,-0.37814762745200237,-0.6773652809101998,1,1
0,0,0,0.026884071836737557,-1.1078057045546295,0.6622286162753517,0,0
1,0,0,1.1164653368798028,0.27900972289687603,-0.4149016976643022,1,1
0,0,0,-0.40581844506136355,-0.51802361342561,-1.5003258587029116,0,0
1,1,0,-0.5073249264561791,-0.7537333887183348,-0.3397409279482097,1,1
0,0,0,1.360224954632304,-0.6586000008730107,-0.060955513691893504,0,0
0,1,1,-1.639898593118434,0.6665984753498477,-0.22321438058794568,1,1
0,1,0,-0.44831827420571396,-0.686056778299094,0.8444873740702461,0,1
0,1,0,0.049823963232720016,0.1010687192746084,1.3351538167200443,1,1
0,1,0,1.8674159861856423,-1.0478566093354826,-0.1033447898009856,0,0
1,0,0,0.8092656527997651,0.14276863514819527,-0.17463283520697925,0,1
1,1,0,-0.7456422978851045,-0.1993171954868494,-0.09744426407337697,0,1
1,0,0,1.6162078671227087,1.0621364528694175,2.840615470858449,0,0
0,0,1,-1.1062659835054631,1.5115379602875059,-0.3286529724270689,0,1
0,0,0,-0.08094648803162423,-0.8678751074023959,-1.025110580743854,1,1
0,1,1,-1.2537126513221233,0.42604808419652024,-1.4835142605894758,1,0
1,1,1,0.7834343909728855,-0.15975181300963115,0.1206575279002095,0,0
0,0,0,0.19433313319754628,1.3775747278505164,1.066942346955916,0,0
0,0,0,-1.574108268837598,0.3397451112676616,-2.1204276686499277,0,0
1,1,1,-0.7684094293068287,0.09961164428806533,-0.5467466372019061,1,1
0,0,0,-0.2229324049971426,-0.5594685240414936,-0.8146731892607801,1,0
1,1,1,1.2455476788983593,-0.7834963564925852,0.6425665656625339,1,1
0,0,0,1.2998153470272664,-0.6835618096115486,0.004931901424101659,0,1
0,1,0,0.053594477568751506,-1.4794326398517703,-1.3434542178180795,1,1
1,0,1,1.4719330102096961,-0.060693488063278934,1.125098284924965,0,0
1,0,1,-0.9403199349962605,-0.5889951216499907,-1.2706096115830985,1,0
0,0,0,-0.9104444675659734,0.6539217672155379,-0.6501696669668321,1,0
1,0,0,-0.3804974539829458,0.1281189453898866,-0.6842206974159691,0,1
0,1,0,-0.7593797586843221,2.3861677447544367,-0.3732684925494938,0,0
0,0,0,-0.5247433397276035,0.6487548600138718,-0.17182932452500674,0,0
0,0,0,-0.42543768343790866,-1.0598433545863528,-2.105103500146915,1,1
0,1,0,1.0206136096831133,-3.1403054305860527,-0.8810275435444374,0,0
0,0,0,-0.9633890972579904,0.6156912259600035,0.9324929986206372,0,0
0,1,1,0.0467404851532594,-0.10303610984758109,1.5534440629545576,0,0
0,0,0,0.5540578272124091,0.3540974371154543,-1.119604053659389,0,0
0,1,1,1.3253384844974956,-0.8857574725878425,0.11692561533741448,1,1
0,0,0,0.9970797909580156,-0.6974097473896533,-2.026860775375284,0,0
0,0,0,0.7297529464071254,-0.3833763847099673,-0.3237399914716945,1,1
1,1,0,0.6841935402942141,1.928536229005962,0.6086029866709615,0,0
1,1,1,-0.05042725826637084,-1.8061999690019024,-3.148295830228262,0,1
1,0,1,-0.19684555650135727,1.1610757645652043,0.3501838042045724,1,0
0,1,1,-0.29211156695500584,-0.9936437840140547,-2.784841170716584,1,1
0,0,0,2.5109150586717437,0.11418171046365305,2.079716978418472,1,0
1,0,1,-1.1933701618073407,0.895390013307401,-0.7148514586851709,0,0
0,0,0,0.2457042717187358,-1.0678346070875675,-1.1520546876882003,0,1
0,1,0,-0.29619356449136736,0.8024671300537297,-1.0319173092999856,1,1
0,0,0,0.2601450551672763,0.5579711091683159,-0.39661190656425915,1,0
0,1,0,1.8069977296708248,-0.5772909518242095,1.56562940263189,0,1
1,1,0,-0.8941254150013395,1.8903855974265378,1.8436787274488453,0,1
0,1,1,-3.2775312829733116,-0.8117152301337449,-1.4163131872874022,0,0
0,0,0,-1.535874615829768,1.233845607194071,0.6894357124211403,1,1
0,0,0,0.05655457471989719,0.07659426294714687,1.6140722792892739,1,1
0,1,0,-1.0096641177798282,-0.5945112278912456,-0.9754181100752642,0,0
0,0,1,-0.2730331604372128,-1.0767734885535138,-0.9988010051238427,0,1
1,0,1,-1.0274046309592542,-0.9660061638790499,-2.0550447992942296,0,0
0,0,1,1.3651728284470928,0.16970426218324713,-0.8231005044136983,0,1
0,1,0,-1.4266001871364686,1.5560167794820887,-0.5868488990365908,0,0
1,0,1,-0.32752817612327145,0.29161409116866577,0.6473264885952414,1,0
0,0,0,2.165270043790599,-0.5162725624306965,3.2965588700762205,1,1
1,1,1,0.1971689063348796,0.9531817597562867,-1.5403855621348372,0,0
0,0,0,-0.5772875726806673,0.32546123907902325,0.15196520863054058,1,1
1,0,0,1.522514829294306,0.22742950756936947,1.3082542452869896,0,1
0,0,1,-1.2856646521948623,-0.5265429511763342,-0.660314465615603,1,1
0,0,0,0.7784646466760909,-1.0702460752503447,1.7279284871973304,0,0
1,0,1,-0.7799430849202007,0.009092873236541277,-1.246112255077456,0,0
1,0,0,-0.033041457655061154,1.1035289852108696,0.6002383212228616,1,1
0,0,0,0.22623415459980994,-0.4512164383029283,-1.1368374833341863,0,1
1,1,0,-0.8091722229546572,1.1552348410625355,1.4941673155881903,1,1
0,0,0,-1.3336995049951594,-1.330098104507387,-0.281359662247078,1,1
1,1,1,-0.5523990978787076,0.18703001711810327,0.5121621096820926,0,1
0,1,0,1.8624482407596714,0.0922957979842398,1.8342583140157398,0,1
1,0,1,-1.3555033977241104,1.558147269247675,1.0796967928007266,0,0
1,0,1,0.3046587872033069,1.594230615866386,2.1933944316351357,1,1
1,1,1,0.07762794102677469,0.6030506100507802,0.7805813562305215,1,1
1,0,0,1.4424987994075689,0.07570709837232166,-0.5058059020212957,0,1
1,1,1,-1.639725760033425,0.6945940595267663,-0.3976484949201834,1,1
0,0,1,-0.6734393021051525,0.7587592826038155,1.2323889553288452,1,1
0,1,0,-0.8440114806012106,-0.12465656159127303,-0.12863270670859,1,1
0,0,1,-2.4366527977315435,1.2024670763338474,-1.5314359662442165,0,0
1,0,1,-1.2402414204877212,-0.1584632924453353,-0.5839744762206532,1,1
1,1,0,0.4606258064706026,-0.4774808464444991,0.3794920074672343,1,1
0,0,1,0.3262703853072804,0.498063494637138,-1.2132674011503666,1,1
1,0,1,-0.23049337288360777,0.5146085727740437,0.3105175958032695,0,0
1,0,0,-1.6258742862058673,0.7033747819296433,-0.26009672585816834,1,1
0,0,1,0.32645507230719006,0.8815623585105933,-0.03989551580285278,0,0
0,1,1,0.8803335961845179,0.6807478323197396,1.3079066988362251,1,0
0,0,1,-0.436281681843015,-0.20637831612188176,0.29156291595566297,1,1
0,0,0,0.5905976715606672,1.9103298755413038,1.1772380195839294,1,1
1,0,0,-0.3916813433663389,-0.25844903712151446,-0.4720066321664961,1,0
1,0,1,0.21582917654937092,-0.10211364526835903,-1.644298434010931,0,1
0,0,0,-0.5936467982894447,1.7719802796791428,1.4686670357912415,0,0
1,1,1,-1.1307162395158636,-0.5110525057175973,-1.4820600086524707,0,0
1,1,1,-0.7736571415446366,-0.07717255428052572,0.4082982702866192,1,1
0,0,0,0.5004001988596636,0.3205493525819263,1.3508977206993449,0,1
0,0,0,-0.8359741825563386,-0.34707275948125077,-1.1861259454431297,0,0
0,1,1,2.044180379200048,-0.523995849386098,1.9543170640616891,0,0
0,0,0,-0.11006908258741717,-0.8676357665352236,-0.7231599486584526,0,1
1,1,0,-0.937594207970287,0.6655021931070151,-0.8338859686639101,1,1
0,0,0,-0.6068744913537556,0.8925327970829405,0.2508833125904428,1,0
1,0,0,-0.3871545098081594,-0.8619456107094626,-1.9817685242729106,1,1
0,0,1,-1.4552230769891694,-1.4679291017811336,-0.14417779128436115,0,1
0,1,0,-0.054403179941272396,0.30215039050929954,-0.9803168969464572,0,0
1,0,1,-0.201348046368334,-0.6558958336967569,-0.4216222862698491,1,1
1,1,1,-0.8425906831447321,0.9121240504691307,-0.7527069385833609,1,1
0,1,0,1.2723635662049593,0.6323988854619288,1.898238901629016,0,1
0,1,0,-0.41511161342575303,2.2348280729311765,-0.2838855705031095,0,1
0,0,1,-0.010061692719665588,-0.1842262500421598,-0.0987645830379547,1,1
1,0,1,-0.6308875921880079,0.1383137562233579,0.32653410751730927,1,1
1,0,0,0.6643796920395689,-0.14839610150386123,1.952327134700274,0,0
0,1,1,-1.2949983189251044,0.13867205160636056,0.8113848237925106,1,1
1,1,1,-0.5394065963557442,0.4141232539769727,0.12358164850991013,0,1
1,1,1,0.8181825119367868,1.0207530339783761,1.8124794654695044,0,1
1,0,1,0.5262992301806299,1.4558561233962684,1.385338734961379,1,1
1,0,0,1.7877877423389281,0.15830395041548811,0.297728453980203,0,1
1,0,1,-0.2855754902604422,0.8904985029649064,0.12879374006664523,1,1
0,1,0,0.02336744056664233,-1.1186867575735615,-2.0992676133166537,1,1
1,0,1,-0.03192598278910275,-0.40568666881925636,1.5307209227334284,1,1
1,1,1,-0.23339125974423133,0.7985906004923584,2.4312495139412023,1,1
0,1,0,-0.23520952223559813,-0.13337373406619313,0.06164280948269335,1,1
0,0,0,-0.8710825552578998,-0.27739924732241816,-0.5891914439142193,0,0
0,0,0,1.0429561838963923,-1.1608598254234097,-0.4147607457365133,0,1
1,0,0,-0.4731920792189866,-0.6162179241152651,-1.1339656122148818,0,0
0,0,1,1.9473110410502417,-0.2991704210748694,1.0406844473104795,1,1
0,0,0,0.39637808324300533,0.20029186029701393,1.893484892622172,0,0
0,0,0,-0.9624987333527907,0.846565181235607,-0.9346075865201853,1,1
1,0,1,-0.2501906490273276,-1.3596127577378223,-0.5833667426123612,1,1
1,0,1,-0.010413994470485256,0.23766351871091226,1.6569697143943571,0,1
1,0,0,-0.16871675263417402,0.9195438387691881,-1.1412935693817428,0,0
0,0,1,-0.9972000069626578,-1.6343194655692028,-1.460256399358596,0,0
0,0,0,1.384313205833856,-0.30658921882086243,-0.2998020877277078,0,1
1,1,1,-0.058741566797086794,0.2424506239160769,-0.8577608669410477,0,0
1,0,0,0.11722029593185332,-0.7922355566022756,1.0682046964840322,0,0
0,0,0,-0.9549964031844034,-0.15014704136052165,0.9416203218521907,1,1
1,1,0,-0.53717019692974,0.858841063221705,-0.3934325218975788,1,1
1,0,0,0.6351673789846872,0.20426328233683955,-0.7544890221320483,0,0
0,1,0,0.8245113797670551,-0.19664108179383433,-0.017739219581385024,0,1
0,0,0,-0.014253594407076095,-1.416457966067106,-0.21360550336405182,1,1
0,1,1,0.6997343663582174,0.9789455445388288,0.9140668322303654,1,1
1,1,0,0.4934839525105878,-1.0478298528340297,0.07774734622752916,0,1
1,0,1,-1.9312311645596185,-0.8609191077490431,-0.6448498843061669,0,0
0,1,0,-0.13851636967302502,0.10836564918857433,-0.0866049379740717,1,1
0,1,0,-0.8278297461128266,-0.8499514119632071,-0.9375415698099598,0,1
0,0,0,0.9214689030465407,-0.9327780774330168,-1.1783486170559114,0,0
0,1,1,0.7006052296824002,1.0853217455610302,2.1125503456148422,0,0
0,0,0,-1.7053047768746097,-0.28949455342535285,-1.962983387743507,1,1
0,1,1,0.8244529742196908,-1.0470074648689784,-1.7894501422474993,0,1
0,1,0,-0.2924434220168296,-1.1000499712031573,-0.778050010895381,0,1
0,0,1,0.5047947222594253,1.9404867040464127,1.4446037884160867,1,0
1,0,0,1.2822799138900622,-1.270373320094416,0.05222483879528945,1,1
0,0,0,1.3265121986826172,0.025377166916248355,-1.5294169391411145,0,1
1,0,0,0.716719755121188,-0.08853700535013347,0.06628271040998529,1,1
1,0,0,2.090233068359113,-0.1196147703571644,0.24704525069251715,1,1
0,0,0,0.45322938470703217,0.4883602764295158,1.5416659667717325,0,1
1,1,1,0.26090862839249035,0.9807612991149693,2.5062692366847914,0,1
0,1,1,-2.0071312853774055,0.5434413711312596,-1.3631874366714245,1,1
1,0,1,-1.7347778429674159,-1.715446371988302,-3.196345070218489,1,0
0,1,0,-0.7538959019202661,-0.45297861994512323,-0.6750618482558477,1,1
1,1,0,0.5153411994429765,0.08643008234161036,0.35613577337251995,0,1
1,1,0,0.403329382208087,-1.6701632491205471,-1.2569837566472764,0,1
1,0,1,-0.7732647483212223,-0.5383811194283951,-0.8840017429610151,0,1
